"Timestamp","Do you agree to take part in this survey? ","Age Group","What is your gender? ","Which mobile network did you receive this SMS on? ","What language is the SMS mostly written in? ","What best describes this SMS?","  Copy and paste the SMS here  ","Upload a screenshot (Optional but helpful) ","Does this SMS contain a website or web link? ","If yes, paste the URL here","Did you open the website link? ","Why did this SMS seem suspicious? (Select all that apply) ","When did you receive this SMS?","Which district were you in when you received this SMS? (Optional)  ","Anything else you'd like to tell us? (Optional) ","May we use this SMS (with all personal information removed) in future academic research? "
"2026/07/09 12:58:41 AM GMT+5:30","Yes, I agree.","18–24","Male","Dialog","Mixed Sinhala-English","Scam (fraud without phishing)","Wadi labak! Rs.250000 adu faida rina. Balanna: https://m1o1.com/c9GiwDE","","Yes","https://m1o1.com/c9GiwDE","No","Prize/Lottery","2026-05-27","","",""
"2026/07/09 2:49:35 AM GMT+5:30","Yes, I agree.","25–34","Female","Dialog","Mixed Sinhala-English","Spam / Advertisement","Wadi labak! Rs.250000 adu faida rina. Balanna: https://m1o1.com/BcEALo3","","Yes","https://m1o1.com/BcEALo3","No","Prize/Lottery;Contains suspicious URL;Poor grammar;Unknown sender","2026-07-05","","It automatically went directly in to spam folder","Yes"
"2026/07/09 12:36:58 PM GMT+5:30","Yes, I agree.","18–24","Female","Don't know","Sinhala","Spam / Advertisement","Vishesha dimanava Rs. 249 000 k dakwa sahatika naya https://f1na.com/J9UBzOU","","Yes","https://f1na.com/J9UBzOU","No","Unknown sender","2026-03-12","","Nope","Yes"
"2026/07/09 12:38:40 PM GMT+5:30","Yes, I agree.","18–24","Male","Mobitel","English;Sinhala;Mixed Sinhala-English","Spam / Advertisement","ඔට්ටු අල්ලන්න හිත හිත ඉන්න ඔයාටයි!

Daily බෝනස් නම් Sportway තමයි.

10% on Deposit
7% on Losses

Register Now: Earnlkr.com

Your Way To Play!
Call:+94117774774","https://drive.google.com/u/1/open?usp=forms_web&id=1nIkF4VjezJfv-j18zh24T9-an9v49MQu","Yes","Earnlkr.com","No","Crypto/Investment;Contains suspicious URL;Unknown sender","2026-07-02","","","Yes"
"2026/07/09 12:39:07 PM GMT+5:30","Yes, I agree.","25–34","Female","Dialog","English","Phishing (tries to steal credentials or personal information)","Shashini","","Yes","","Yes","Pretends to be a bank;Pretends to be a government service;Delivery scam;Prize/Lottery;Crypto/Investment","","","","Yes"
"2026/07/09 12:41:41 PM GMT+5:30","Yes, I agree.","25–34","Male","Airtel","English;Sinhala;Mixed Sinhala-English","Spam / Advertisement","ඔට්ටු අල්ලන්න හිත හිත ඉන්න ඔයාටයි!

Daily බෝනස් නම් Sportway තමයි.

10% on Deposit
7% on Losses

Register Now: Earnlkr.com

Your Way To Play!
Call:+94117774774","https://drive.google.com/u/1/open?usp=forms_web&id=1naAn97B2kdhwE9WhuD2KeIWRpglqiLYO","Yes","Earnlkr.com","No","Prize/Lottery;Contains suspicious URL;Unknown sender","2026-07-05","","","Yes"
"2026/07/09 12:43:33 PM GMT+5:30","Yes, I agree.","25–34","Female","Mobitel","English;Sinhala;Mixed Sinhala-English","Spam / Advertisement","Eya tavaduratat labhadayi nove! 0.01% - vegavat saha pahasu https://f1na.com/9VoAIKJ
*SMS STOP SerenLK to 94784000087","","Yes"," https://f1na.com/9VoAIKJ ","No","Delivery scam;Contains suspicious URL;Unknown sender","2026-01-24","","No","Yes"
"2026/07/09 12:45:58 PM GMT+5:30","Yes, I agree.","25–34","Female","Dialog","English","Spam / Advertisement","250 000 LKR dakwa mudal labaganna awasthawak. Wadi wisthara saha arambha kirima sandaha: https://f1nt.com/vfQ1NX2","","Yes"," https://f1nt.com/vfQ1NX2","No","Delivery scam;Contains suspicious URL;Unknown sender","2026-07-01","","No","Yes"
"2026/07/09 12:51:19 PM GMT+5:30","Yes, I agree.","18–24","Male","Mobitel","English","Spam / Advertisement","Kellek Set Karaganna Chat Ekata Set Wenna Link Ekata Piwisenna.


Link: www.bit.ly/Narilatha","https://drive.google.com/u/1/open?usp=forms_web&id=163GWChqiiQUmV5rw1S26SuyDIzDGQTmE","Yes","www.bit.ly/Narilatha  ","No","Unknown sender","2024-01-20","","","Yes"
"2026/07/09 12:56:21 PM GMT+5:30","Yes, I agree.","25–34","Female","Mobitel","English","Spam / Advertisement","Meka anivaren fill krnna naththm tharahai 😌","","Yes","https://forms.gle/4RhBAu8E993yy1vw8","Yes","Delivery scam","2026-07-09","","",""
"2026/07/09 1:01:49 PM GMT+5:30","Yes, I agree.","18–24","Male","Hutch","English;Sinhala;Mixed Sinhala-English","Not sure","Wadi labak! Rs.250000 adu faida rina. Balanna: https://m1o1.com/YqdIw24","https://drive.google.com/u/1/open?usp=forms_web&id=1uRk8GNvJj-AgWL9FeeCA9wHrKmbtzl7o","Yes"," https://m1o1.com/YqdIw24","No","Delivery scam;Contains suspicious URL;Unknown sender","2026-05-26","","","Yes"
"2026/07/09 1:02:14 PM GMT+5:30","Yes, I agree.","18–24","Female","Dialog","English","Legitimate","Pin is the one-time password (OTP) to your online payment LKR from BOC Card number at Dialog Axi. Thank you. Bank of Ceylon","","No","","No","Other","2026-05-13","","","Yes"
"2026/07/09 1:23:29 PM GMT+5:30","Yes, I agree.","25–34","Female","Mobitel","Mixed Sinhala-English","Legitimate","Great news!
Now you can use DATA on your Hutch connection, even if your connection is temporarily barred. To continue uninterrupted experience, please don’t forget to make timely payments.
*To make payments easily visit : https://reloadpay.hutch.lk *","","Yes","https://reloadpay.hutch.lk ","Yes","","2026-06-05","","no","Yes"
"2026/07/09 1:56:58 PM GMT+5:30","Yes, I agree.","18–24","Female","Dialog","English","Spam / Advertisement","-","","Yes","","No","Requests OTP;Unknown sender","2025-08-14","","-","Yes"
"2026/07/09 3:21:53 PM GMT+5:30","Yes, I agree.","18–24","Male","Mobitel","Mixed Sinhala-English","Looks suspicious but I'm not sure (Scam)","Hoda rinayak ganna! Adu faida isuru. Denna: https://m0o1.com/dBvnCdB","","Yes","https://m0o1.com/dBvnCdB","No","Pretends to be a bank;Contains a strange website link;Poor grammar;Unknown sender","2026-05-09","","","Yes"
"2026/07/09 6:22:05 PM GMT+5:30","Yes, I agree.","18–24","Female","Mobitel","English;Sinhala;Mixed Sinhala-English","Looks like a scam that tries to steal information (Phishing)","Apey rin sewa - 250.000 LKR 0.01% puwath. Apply: https://f1n0.com/WdCuNkt","","Yes","https://f1n0.com/WdCuNkt","No","Poor grammar;Unknown sender;Other","2026-03-24","","","No"
"2026/07/09 6:33:15 PM GMT+5:30","Yes, I agree.","18–24","Female","Hutch","Mixed Sinhala-English","Looks suspicious but I'm not sure (Scam)","250 000 LKR dakwa mudal labaganna awasthawak. Wadi wisthara saha arambha kirima sandaha: https://f1nt.com/6BVmasx","","Yes","https://f1nt.com/6BVmasx","No","Pretends to be a bank;Prize/Lottery","2026-06-11","","","Yes"
"2026/07/09 10:00:14 PM GMT+5:30","Yes, I agree.","25–34","Female","Hutch","Mixed Sinhala-English","Spam / Advertisement / Promotion","🏆HUTCH වෙතින් FREE iPhone17 PRO එකක් දිනාගන්න!📱

අපගේ සමාජ ජාලා පිටු Like/Follow කරන්න.
වැඩි විස්තර සඳහා: Click>  https://web.facebook.com/share/p/1J2W4K6qcC/

T&C Apply. **Stop promo SMS dial *159#","https://drive.google.com/u/1/open?usp=forms_web&id=14zPX2li3ITzhbSbpw-pUng4CwZH1RXhu","Yes","https://web.facebook.com/share/p/1J2W4K6qcC/","No","Other","2026-05-21","Kegalle","This message looks like a promotional/marketing SMS from Hutch. I am not sure whether to call it spam because it may be from the official provider, but receiving these kinds of promotional messages can be annoying, especially when they come frequently or without clear interest from the customer. I would prefer to receive fewer promotional SMS messages.","Yes"
"2026/07/10 9:03:31 AM GMT+5:30","Yes, I agree.","25–34","Male","Mobitel","English","Spam / Advertisement / Promotion","Nawa rina seva! Wadi labak adu faida. Danna balanna: https://f1n0.com/KsXqiFs","https://drive.google.com/u/1/open?usp=forms_web&id=1FjgedhATCNgRaKf2EXS5dVJK8egrpZL-","Yes"," https://f1n0.com/KsXqiFs","No","Crypto/Investment;Contains a strange website link;Poor grammar;Unknown sender","2026-03-30","Galle","No","Yes"
"2026/07/10 11:01:05 AM GMT+5:30","Yes, I agree.","18–24","Male","Hutch","English;Sinhala;Mixed Sinhala-English","Looks like a scam that tries to steal information (Phishing)","Online naya Rs.250000 dakwa! Hondama ayathan mehi thora ganna: https://r2m0.com/BRyMsiw","","Yes","https://r2m0.com/BRyMsiw","No","Contains a strange website link","","","","Yes"
"2026/07/10 5:54:16 PM GMT+5:30","Yes, I agree.","18–24","Male","Dialog","English;Mixed Sinhala-English","Spam / Advertisement / Promotion","ඔට්ටු අල්ලන්න හිත හිත ඉන්න ඔයාටයි!

Daily බෝනස් නම් Sportway තමයි.

10% on Deposit
7% on Losses

Register Now: Earnlkr.com

Your Way To Play!
Call:+94117774774","","Yes","Earnlkr.com","No","Prize/Lottery","","","","Yes"
"2026/07/10 7:05:23 PM GMT+5:30","Yes, I agree.","18–24","Male","Mobitel","Mixed Sinhala-English","Looks suspicious but I'm not sure (Scam)","Ikman mudal, Minittu 7 kin mudal oba athata! Danma Rs. 150,000 k laba ganna : https://rb.gy/8yvk9w

OPTOUT send ""STOP"" to 0724645745","https://drive.google.com/u/1/open?usp=forms_web&id=106ol5rUWh5eTe2Pi8r8cKwQjZ9ro2V5j","Yes","https://rb.gy/8yvk9w","Yes","Poor grammar;Other","2026-05-14","matale","","Yes"
"2026/07/10 8:11:05 PM GMT+5:30","Yes, I agree.","25–34","Male","Dialog","English;Mixed Sinhala-English","Spam / Advertisement / Promotion","Hondama yeduma! Rupiyal 120 000 dakva! Pariksa karanna> https://f1na.com/AjuKjdK
*SMS STOP IslandX to 94784000087","","Yes","https://f1na.com/AjuKjdK ","No","Delivery scam;Prize/Lottery;Contains a strange website link","","","","Yes"
"2026/07/10 9:26:30 PM GMT+5:30","Yes, I agree.","25–34","Male","Dialog","English","Looks suspicious but I'm not sure (Scam)","https://forms.gle/4RhBAu8E993yy1vw8","https://drive.google.com/u/1/open?usp=forms_web&id=1S1gvNPKnU9nDEw6wxHYu2k0RCZS8TKSb","Yes","https://forms.gle/4RhBAu8E993yy1vw8","Yes","Urgent message;Contains a strange website link;Other","2026-07-09","Kegalle","","Yes"
"2026/07/10 10:00:44 PM GMT+5:30","Yes, I agree.","18–24","Male","Hutch","Mixed Sinhala-English","Looks suspicious but I'm not sure (Scam)","https://eell.rqnpt.xyz/fgpjlbnq/fff3335428b416615d59907431?_t1765930370090&p=w","https://drive.google.com/u/1/open?usp=forms_web&id=1_9ylStT3BhTqxncX5mF-DQ6Vif8TLiQN","Yes","https://eell.rqnpt.xyz/fgpjlbnq/fff3335428b416615d59907431?_t1765930370090&p=w","No","Prize/Lottery","2026-06-02","Kurunegala","","Yes"
"2026/07/10 10:30:12 PM GMT+5:30","Yes, I agree.","18–24","Male","Hutch","Sinhala","Looks suspicious but I'm not sure (Scam)","Oyage namai
Adress ekai .school ekai
Resalt ekai  ewannako bn","https://drive.google.com/u/1/open?usp=forms_web&id=1iWMjK3p2OmHmMe6lWu-g2Oc6Z1q4Mo5J","No","","No","Requests personal information","2026-05-04","Kurunegala","","Yes"
"2026/07/10 10:34:11 PM GMT+5:30","Yes, I agree.","18–24","Male","Don't know","Sinhala","Looks like a scam that tries to steal information (Phishing)","https://rqhs.xyz/Nike-50","https://drive.google.com/u/1/open?usp=forms_web&id=174HHM6s-pObFRTRlzceJXpmhcDJzpReW","Yes","https://rqhs.xyz/Nike-50","No","Contains a strange website link","2026-01-08","Kurunegala","","Yes"
"2026/07/10 10:37:20 PM GMT+5:30","Yes, I agree.","18–24","Male","Don't know","Sinhala","Looks like a scam that tries to steal information (Phishing)","🇬🇧🇱🇰78 වෙනි නිදහස් උත්සවය වෙනුවෙන් සියලුම ශ්‍රී ලාංකිකයන් හට 20 GB  DATA නොමිලේ ලබා දීමට ශ්‍රී ලංකා-එංගලන්ත මිත්‍රත්ව එකමුතුව හා එංගලන්ත ක්‍රිකට් කණ්ඩායමේ අනුග්‍රහය සමගින් තීරණය කර ඇත.  
*දිවයිනේ ඕනෑම ජාලයක් සඳහා වලංගු​යි* 
 මෙතනින් යන්න 
https://nidahasa.engsrilanka.it.com/","","Yes","https://nidahasa.engsrilanka.it.com/","No","Prize/Lottery","2026-02-02","Kurunegala","","Yes"
"2026/07/10 10:40:09 PM GMT+5:30","Yes, I agree.","18–24","Male","Don't know","Mixed Sinhala-English","Looks suspicious but I'm not sure (Scam)","http://hgfc.buzz/ZIw62De/391965299320558981087b1ba9","https://drive.google.com/u/1/open?usp=forms_web&id=1ujt3oq_qWrKHJTk42gp8prHKoXsGmgJJ","Yes","http://hgfc.buzz/ZIw62De/391965299320558981087b1ba9","No","Prize/Lottery","2026-03-06","Kurunegala","","Yes"
"2026/07/10 11:29:20 PM GMT+5:30","Yes, I agree.","18–24","Male","Mobitel","Mixed Sinhala-English","Spam / Advertisement / Promotion","250 000 LKR dak ada obege kaadayata! Sisilikam: https://r2m0.com/YatKBK9
*SMS STOP SwiftRupee to 94784000087","","Yes","https://r2m0.com/YatKBK9","No","Contains a strange website link;Poor grammar","2026-06-16","Matara","","Yes"
"2026/07/11 8:15:44 AM GMT+5:30","Yes, I agree.","25–34","Male","Mobitel","English","Spam / Advertisement / Promotion","Rs. 150,000 for the weekend. Sathi anthayata mudal. Miniththu 10kin labagatha haka. poli rahithawa labaganna :  https://rb.gy/8yvk9w

OPTOUT send ""STOP"" to 0724645745","https://drive.google.com/u/1/open?usp=forms_web&id=134YJKmT8ZBOIikXAGvCG03PkMJ6VcsTf","Yes","https://rb.gy/8yvk9w","No","Contains a strange website link;Unknown sender;Other","2026-06-25","Matara","I don't know whether this company exists and don't know how they found my contact number ","Yes"
"2026/07/11 8:44:59 AM GMT+5:30","Yes, I agree.","45–54","Male","Mobitel","English;Mixed Sinhala-English","Spam / Advertisement / Promotion","Online salli 250 000 LKR dak vasama tattvayan yatate: https://f1nt.com/3vVMQFA
*SMS STOP PocketLoan to 94784000087","","Yes","https://f1nt.com/3vVMQFA","No","Unknown sender","2026-07-11","Rathnapura","","Yes"
"2026/07/11 1:04:57 PM GMT+5:30","Yes, I agree.","18–24","Female","Dialog","English;Sinhala;Mixed Sinhala-English","Spam / Advertisement / Promotion","If the message contains your name, phone number, OTP or other personal details, replace them before submitting. If you cannot copy it, simply upload a screenshot instead","","Not sure","","No","Pretends to be a government service;Urgent message;Other","2026-07-02","","","Yes"
"2026/07/11 1:18:26 PM GMT+5:30","Yes, I agree.","18–24","Male","Airtel","English;Sinhala","Spam / Advertisement / Promotion","Salli awashya da? 250000 LKR wenakam labenawa https://sl1w.com/X6dKtLR","","Yes","https://sl1w.com/X6dKtLR","No","Unknown sender","2026-04-20","Kelaniya ","Nope","Yes"
"2026/07/11 1:24:41 PM GMT+5:30","Yes, I agree.","25–34","Male","Mobitel","English","Spam / Advertisement / Promotion","Congratulations! You have won Rs. 500,000! Claim your reward now: https://claim-now.xyz","https://drive.google.com/u/1/open?usp=forms_web&id=1z70gs7q22xSOF3V1OQBWYivMyfxeIh1F","Yes"," https://rb.gy/8yvk9w","No","Pretends to be a bank;Pretends to be a government service;Delivery scam;Prize/Lottery","2026-06-24","Western Province ","No","Yes"
"2026/07/11 2:49:58 PM GMT+5:30","Yes, I agree.","18–24","Female","Dialog","English","Spam / Advertisement / Promotion","Take your returns higher! Open your Fixed Deposit on DFCC ONE App or DFCC ONE Online to enjoy a BONUS interest rate of 0.25% p.a. on eligible deposits. T&Cs apply.

*StopAd? SMS BL DFCC Digi to 94760968213*","","No","","No","Pretends to be a bank","2026-07-10","Malabe","No","Yes"
"2026/07/11 5:02:31 PM GMT+5:30","Yes, I agree.","25–34","Male","Dialog","English;Sinhala;Mixed Sinhala-English","Spam / Advertisement / Promotion","250.000 LKR rin - wadiya honda 0.01%! Danma balanna: https://f1na.com/MFvoeGR","","Yes","https://f1na.com/MFvoeGR","No","Pretends to be a bank;Contains a strange website link;Unknown sender","2026-03-19","","","Yes"
"2026/07/11 5:54:42 PM GMT+5:30","Yes, I agree.","18–24","Female","Hutch","English","Not sure","have a nice day.
sorry anyway :(","https://drive.google.com/u/1/open?usp=forms_web&id=1fCYslyAcEQsRfXMPWI8JcKJL2zVE2Tqt","Not sure","no","Prefer not to say","Requests personal information;Other","2027-06-13","colombo, ofc","people are kinda weird right? (like me =])","Yes"
"2026/07/11 11:12:10 PM GMT+5:30","Yes, I agree.","18–24","Male","Dialog","English","Spam / Advertisement / Promotion","ඔබගේ Third-Party Motor Insurance එක දැන් online මාර්ගයෙන් ඉක්මනින් සහ පහසුවෙන් ලබාගන්න. Fairfirst Click2Go වෙත අදම පිවිසෙන්න.  https://mclick2go.fairfirst.lk/
  ගාස්තු හා කොන්දේසි අදාළ වේ. ප්‍රවර්ධන SMS නවත්වීමට #888# dial කරන්න.","","Yes","https://mclick2go.fairfirst.lk/","No","Contains a strange website link","2026-07-08","Galle","","Yes"
"2026/07/12 8:56:10 AM GMT+5:30","Yes, I agree.","25–34","Male","Don't know","Mixed Sinhala-English","Looks suspicious but I'm not sure (Scam)","Salli awashya da? 250000 LKR wenakam labenawa https://sl1w.com/KyJ5DFZ","https://drive.google.com/u/1/open?usp=forms_web&id=14ZXYPk0kVCl6VEr_GBeVrHxUxxwC_hCZ","Yes","https://sl1w.com/KyJ5DFZ","No","Prize/Lottery;Urgent message","2026-04-19","","","Yes"
"2026/07/13 10:48:02 AM GMT+5:30","Yes, I agree.","18–24","Male","Mobitel","English","Normal SMS","FIFA World Cup 2026 brings you tomorrow match at 05:00AM! Catch Colombia vs Portugal live on PEO SPORTS 2 & PEO SPORTS 3 channels via PEO Mobile. Recharge Rs.278 for 8GB or Rs.678 for 36GB and stay connected to every goal.","","No","","No","Other","2026-06-27","","","Yes"
"2026/07/15 3:58:42 AM GMT+5:30","Yes, I agree.","25–34","Male","Dialog","English","Looks like a scam that tries to steal information (Phishing)","CONGRATS YOUR NUMBER IS SELECTED AS WINNER OF 185,000 POUND FROM UN COVID_19(PROGRAM) EMAIL US YOUR PHONE NO,NAME,ADDRES, TO OUR EMAIL: unfundrelief@outlook.com","","Yes","unfundrelief@outlook.com","No","Prize/Lottery","2023-06-21","","",""